"position.page","position.position","position.global_position","asin","price.discounted","price.current_price","price.currency","price.before_price","price.savings_amount","price.savings_percent","reviews.total_reviews","reviews.rating","url","score","sponsored","amazonChoice","bestSeller","amazonPrime","title","thumbnail"
1,1,1,"B0BGWVGKKC",true,2910,"JPY",3265,355,10.87,0,0,"https://www.amazon.jp/dp/B0BGWVGKKC",0,false,false,false,false,"adidas Men's Tricot Tracksuit Jersey Top and Bottom Set","https://m.media-amazon.com/images/I/71ho3ijqXkL._AC_UL320_.jpg"
1,2,2,"B0CL9F9CD7",true,2251,"JPY",5409,3158,58.38,0,0,"https://www.amazon.jp/dp/B0CL9F9CD7",0,false,false,false,false,"adidas(アディダス) ジャージ上下セットトラックスーツメンズ","https://m.media-amazon.com/images/I/61sPjGnb4qL._AC_UL320_.jpg"
1,3,3,"B0DHCV8K3Z",true,3048,"JPY",6491,3443,53.04,0,0,"https://www.amazon.jp/dp/B0DHCV8K3Z",0,false,false,false,false,"[adidas] ジャージ上下セット 3ストライプス ウーブン トラックスーツ メンズ","https://m.media-amazon.com/images/I/51LDPMPhkCL._AC_UL320_.jpg"
1,5,5,"B0CYP8N7PT",true,4735,"JPY",9376,4641,49.5,0,0,"https://www.amazon.jp/dp/B0CYP8N7PT",0,false,false,false,false,"[アディダス] スウェット パーカー Z.N.E. フルジップ フード付きトラックジャケット KTJ50 メンズ","https://m.media-amazon.com/images/I/417TCxYNkkL._AC_UL320_.jpg"
1,6,6,"B0BTJBTXR5",true,885,"JPY",1082,197,18.21,0,0,"https://www.amazon.jp/dp/B0BTJBTXR5",0,false,false,false,false,"Adidas Sports Fitness Headband Accessory, One Size Fits Most, Elastic Material","https://m.media-amazon.com/images/I/61jI6l4zI7L._AC_UL320_.jpg"
1,7,7,"B0DHBZMZT2",true,2311,"JPY",4688,2377,50.7,0,0,"https://www.amazon.jp/dp/B0DHBZMZT2",0,false,false,false,false,"adidas(アディダス) ジャージトップ3ストライプス トラックトップ JZR00メンズ","https://m.media-amazon.com/images/I/71pZapIvcvL._AC_UL320_.jpg"
1,8,8,"B0DHCW3BPY",true,2610,"JPY",4327,1717,39.68,0,0,"https://www.amazon.jp/dp/B0DHCW3BPY",0,false,false,false,false,"adidas(アディダス) スウェット パンツエッセンシャルズ フレンチテリー テーパード カフ ロゴパンツ ECQ57メンズ","https://m.media-amazon.com/images/I/71+LWtQm5nL._AC_UL320_.jpg"
2,2,11,"B0CKXYKFWR",true,2813,"JPY",4688,1875,40,0,0,"https://www.amazon.jp/dp/B0CKXYKFWR",0,false,false,false,false,"adidas Men's Advan Coat Base 2.0 Sneakers","https://m.media-amazon.com/images/I/61MuJ-47WOL._AC_UL320_.jpg"
2,3,12,"B0BXRSW3QJ",true,1278,"JPY",2164,886,40.94,0,0,"https://www.amazon.jp/dp/B0BXRSW3QJ",0,false,false,false,false,"Adidas TR-ES Men's Woven Shorts, Half Pants","https://m.media-amazon.com/images/I/51QY-kseDlL._AC_UL320_.jpg"
2,4,13,"B0BGGW11D1",true,2596,"JPY",4327,1731,40,0,0,"https://www.amazon.jp/dp/B0BGGW11D1",0,false,false,false,false,"Adidas Men's Core Runner RUNFALCON 3.0 LSI57 Running Shoes","https://m.media-amazon.com/images/I/41arr+ePSuL._AC_UL320_.jpg"
2,5,14,"B08BX5J793",true,4285,"JPY",5041,756,15,0,0,"https://www.amazon.jp/dp/B08BX5J793",0,false,false,false,false,"adidas(アディダス) スウェット 上下セットエッセンシャルズ ロゴ フレンチテリー トラックスーツ 28860レディース","https://m.media-amazon.com/images/I/611o-udbBBL._AC_UL320_.jpg"
2,6,15,"B09PYYSYPX",true,842,"JPY",1305,463,35.48,0,0,"https://www.amazon.jp/dp/B09PYYSYPX",0,false,false,false,false,"adidas Soccer Shorts Kids Entrada 22 Shorts KGO51 Boys","https://m.media-amazon.com/images/I/41OAceUs5EL._AC_UL320_.jpg"
2,7,16,"B0CYP7CXNC",true,2146,"JPY",3246,1100,33.89,0,0,"https://www.amazon.jp/dp/B0CYP7CXNC",0,false,false,false,false,"adidas(アディダス) スポーツタイツテックフィット コンプレッション トレーニング ロングレギンス JTE80メンズ","https://m.media-amazon.com/images/I/61x03UGNgyL._AC_UL320_.jpg"
3,1,17,"B0F1CK5KCP",true,797,"JPY",938,141,15.03,0,0,"https://www.amazon.jp/dp/B0F1CK5KCP",0,false,false,false,false,"adidas(アディダス) Men's Deodorant Anti-odor One-Point Bottom Pile Short Socks Cushion Socks fukuske 3 Pairs","https://m.media-amazon.com/images/I/41RpH+jfhpL._AC_UL320_.jpg"
3,2,18,"B0F1CN7HKG",true,797,"JPY",938,141,15.03,0,0,"https://www.amazon.jp/dp/B0F1CN7HKG",0,false,false,false,false,"adidas(アディダス) ソックス【adidas(アディダス)】ショート丈ソックス 3足組 甲メッシュ ワンポイント 福助メンズ","https://m.media-amazon.com/images/I/51lBUX6ajQL._AC_UL320_.jpg"
3,3,19,"B0CL9BQSYH",true,3678,"JPY",4327,649,15,0,0,"https://www.amazon.jp/dp/B0CL9BQSYH",0,false,false,false,false,"adidas(アディダス) サッカー 半袖 Tシャツレフェリー 24 ジャージー IFC13メンズ","https://m.media-amazon.com/images/I/71WwxtYTTcL._AC_UL320_.jpg"
3,4,20,"B0F38X42LH",true,2579,"JPY",4688,2109,44.99,0,0,"https://www.amazon.jp/dp/B0F38X42LH",0,false,false,false,false,"adidas(アディダス) ユニセックス大人 VL コート 2.0 NIV26スニーカー","https://m.media-amazon.com/images/I/610ZSIcFeDL._AC_UL320_.jpg"
3,6,22,"B0DPPMLKW9",true,4997,"JPY",7068,2071,29.3,0,0,"https://www.amazon.jp/dp/B0DPPMLKW9",0,false,false,false,false,"リュック バッグパック 通学 大容量 30L 中学生 高校生 通勤 塾バッグ 部活 15.6インチPC B4収納 ボックス型","https://m.media-amazon.com/images/I/61gQ2btnUGL._AC_UL320_.jpg"
1,10,24,"B09N2NJ73C",true,1093,"JPY",2164,1071,49.49,0,0,"https://www.amazon.jp/dp/B09N2NJ73C",0,false,false,false,false,"adidas Classic Badge of Sport Backpack L9583","https://m.media-amazon.com/images/I/81YzIPs6IDL._AC_UL320_.jpg"
1,13,27,"B0BNLBHN7L",true,1288,"JPY",2164,876,40.48,0,0,"https://www.amazon.jp/dp/B0BNLBHN7L",0,false,false,false,false,"[アディダス] 半袖 Tシャツ トレイン エッセンシャルズ 3ストライプス トレーニング BXH41 メンズ","https://m.media-amazon.com/images/I/81O0rXIm8DL._AC_UL320_.jpg"
1,15,29,"B09N3MRSVD",true,2719,"JPY",4688,1969,42,0,0,"https://www.amazon.jp/dp/B09N3MRSVD",0,false,false,false,false,"adidas Galaxy 6 GX7256 Men's Running Shoes","https://m.media-amazon.com/images/I/41shxhOIe6L._AC_UL320_.jpg"
1,16,30,"B09N3LHCXR",true,2719,"JPY",4688,1969,42,0,0,"https://www.amazon.jp/dp/B09N3LHCXR",0,false,false,false,false,"adidas Galaxy 6 GX7256 Men's Running Shoes","https://m.media-amazon.com/images/I/51EEKZOwW-L._AC_UL320_.jpg"
1,18,32,"B08BX7PCW4",true,3029,"JPY",4584,1555,33.92,0,0,"https://www.amazon.jp/dp/B08BX7PCW4",0,false,false,false,false,"[adidas] ジャージ上下セット 3ストライプス ウーブン トラックスーツ メンズ","https://m.media-amazon.com/images/I/71VgjmoITiL._AC_UL320_.jpg"
1,22,36,"B0DBR6BRTY",true,1195,"JPY",1442,247,17.13,0,0,"https://www.amazon.jp/dp/B0DBR6BRTY",0,false,true,false,false,"Adidas Compression Arm Sleeve Warmers 2-Pack","https://m.media-amazon.com/images/I/61u0YTVF76L._AC_UL320_.jpg"
1,23,37,"B0CZJZ5KCP",true,1226,"JPY",1442,216,14.98,0,0,"https://www.amazon.jp/dp/B0CZJZ5KCP",0,false,false,false,false,"adidas Socks Performance Climacool Cushion Crew Socks 3-Pack KTL96 Men's","https://m.media-amazon.com/images/I/81VfL99vZcL._AC_UL320_.jpg"
1,24,38,"B09G2RK3NP",true,2547,"JPY",5041,2494,49.47,0,0,"https://www.amazon.jp/dp/B09G2RK3NP",0,false,false,false,false,"adidas(アディダス) ジャージ上下セットエアロレディ セレーノカット スリーストライプス トラックスーツ IZA33メンズ","https://m.media-amazon.com/images/I/61xuJ3eSc6L._AC_UL320_.jpg"
1,25,39,"B0B322BCPZ",true,1125,"JPY",2878,1753,60.91,0,0,"https://www.amazon.jp/dp/B0B322BCPZ",0,false,false,false,false,"adidas(アディダス) ロングパンツ エアロレディ セレーノ スリムテーパードカット 3ストライプス パンツ IZA51 メンズ","https://m.media-amazon.com/images/I/21JXa94Ca-L._AC_UL320_.jpg"
1,27,41,"B09N3M6RNP",true,2332,"JPY",5553,3221,58,0,0,"https://www.amazon.jp/dp/B09N3M6RNP",0,false,false,false,false,"adidas ユニセックス大人 グランドコート クラウドフォーム ライフスタイル コート コンフォートスニーカー","https://m.media-amazon.com/images/I/41lCzcqUEkL._AC_UL320_.jpg"
1,28,42,"B09VSZKVJ1",true,2813,"JPY",4688,1875,40,0,0,"https://www.amazon.jp/dp/B09VSZKVJ1",0,false,false,false,false,"[アディダス] スニーカー アドバンコート LIT48 EOT69","https://m.media-amazon.com/images/I/41DerRxhirL._AC_UL320_.jpg"
1,30,44,"B09VSY1TQQ",true,2557,"JPY",4688,2131,45.46,0,0,"https://www.amazon.jp/dp/B09VSY1TQQ",0,false,false,false,false,"[アディダス] スニーカー グランドコート TD ユニセックス大人","https://m.media-amazon.com/images/I/81vx5GTiiiL._AC_UL320_.jpg"
1,31,45,"B0DHFSS26H",true,1183,"JPY",2164,981,45.33,0,0,"https://www.amazon.jp/dp/B0DHFSS26H",0,false,false,false,false,"adidas(アディダス) 半袖 TシャツICE グラフィック Tシャツ KPJ93メンズ","https://m.media-amazon.com/images/I/71Yd1kGaIEL._AC_UL320_.jpg"
1,32,46,"B0DHCG7WFP",true,2789,"JPY",4688,1899,40.51,0,0,"https://www.amazon.jp/dp/B0DHCG7WFP",0,false,false,false,false,"adidas(アディダス) スウェット パーカーエッセンシャルズ ビッグロゴ フレンチテリーパーカー KTF13メンズ","https://m.media-amazon.com/images/I/81jTgXMx9AL._AC_UL320_.jpg"
1,33,47,"B0CL96BW73",true,1161,"JPY",1659,498,30.02,0,0,"https://www.amazon.jp/dp/B0CL96BW73",0,false,false,false,false,"アディダス クーラーバッグ クーラートートバッグ ユニセックス大人 JMT61","https://m.media-amazon.com/images/I/61qtZ5pGbaL._AC_UL320_.jpg"
1,34,48,"B09VT1NQBW",true,2622,"JPY",4688,2066,44.07,0,0,"https://www.amazon.jp/dp/B09VT1NQBW",0,false,false,false,false,"[アディダス] スニーカー アドバンコート LIT48 EOT69","https://m.media-amazon.com/images/I/41EeH5dODqL._AC_UL320_.jpg"
1,37,51,"B0CKXS4K6J",true,1731,"JPY",2885,1154,40,0,0,"https://www.amazon.jp/dp/B0CKXS4K6J",0,false,false,false,false,"adidas(アディダス) ユニセックス子供 コアファイト 5 キッズ 男の子 女の子 22~25.5cm NLD78スニーカー キッズ","https://m.media-amazon.com/images/I/613brb-rOjL._AC_UL320_.jpg"
1,38,52,"B0CYNRTT9H",true,1521,"JPY",2669,1148,43.01,0,0,"https://www.amazon.jp/dp/B0CYNRTT9H",0,false,false,false,false,"adidas(アディダス) ランニング 半袖 Tシャツオウン ザ ラン 半袖Tシャツ IKM76メンズ","https://m.media-amazon.com/images/I/71ZgXCr+R+L._AC_UL320_.jpg"
1,39,53,"B0CKXT7DFN",true,3184,"JPY",4327,1143,26.42,0,0,"https://www.amazon.jp/dp/B0CKXT7DFN",0,false,false,false,false,"[アディダス] メンズ GLX 7 NKX11ランニングシューズ","https://m.media-amazon.com/images/I/616NHUPyIxL._AC_UL320_.jpg"
1,41,55,"B0CZCD93FS",true,1273,"JPY",1803,530,29.4,0,0,"https://www.amazon.jp/dp/B0CZCD93FS",0,false,false,false,false,"adidas(アディダス) キャップ軽量ベースボールキャップ KTM49メンズ","https://m.media-amazon.com/images/I/81c-uVZWVML._AC_UL320_.jpg"
1,42,56,"B073JR7TXY",true,1073,"JPY",1803,730,40.49,0,0,"https://www.amazon.jp/dp/B073JR7TXY",0,false,false,false,false,"adidas Performance Training Glove Aeroready Material (Sweat Absorption, Quick Drying, Breathable, Thermal Retention)","https://m.media-amazon.com/images/I/61AFBuWdbrL._AC_UL320_.jpg"
1,43,57,"B0F37LT8HD",true,2789,"JPY",4688,1899,40.51,0,0,"https://www.amazon.jp/dp/B0F37LT8HD",0,false,false,false,false,"adidas(アディダス) スウェット パーカーESS+ 3ストライプス スウェットパーカー JUP96メンズ","https://m.media-amazon.com/images/I/71vxMY9cYOL._AC_UL320_.jpg"
1,47,61,"B0CKY1NRG3",true,2557,"JPY",4688,2131,45.46,0,0,"https://www.amazon.jp/dp/B0CKY1NRG3",0,false,false,false,false,"adidas (アディダス) AdvanCourt Base 2.0 Unisex Adult Sneakers","https://m.media-amazon.com/images/I/61rJhUpYPjL._AC_UL320_.jpg"
2,8,63,"B0919N8Y1X",true,2943,"JPY",5553,2610,47,0,0,"https://www.amazon.jp/dp/B0919N8Y1X",0,false,false,false,false,"adidas(アディダス) メンズ アドバンコート LQA23 GZ5301スニーカー","https://m.media-amazon.com/images/I/41kslr6RvPL._AC_UL320_.jpg"
2,11,66,"B0D5J3KF7R",true,2813,"JPY",4688,1875,40,0,0,"https://www.amazon.jp/dp/B0D5J3KF7R",0,false,false,false,false,"Adidas Women's Breaknet Sleek Suede Sneakers","https://m.media-amazon.com/images/I/41-h-9f1XdL._AC_UL320_.jpg"
2,14,69,"B09VSXZB9Q",true,2579,"JPY",4688,2109,44.99,0,0,"https://www.amazon.jp/dp/B09VSXZB9Q",0,false,false,false,false,"adidas(アディダス) レディース グランドコート TD ライフスタイル コート カジュアル LIU80スニーカー","https://m.media-amazon.com/images/I/61Nre1XfEyL._AC_UL320_.jpg"
2,18,73,"B0CJXSBSRS",true,1317,"JPY",2164,847,39.14,0,0,"https://www.amazon.jp/dp/B0CJXSBSRS",0,false,false,false,false,"adidas(アディダス) ハーフパンツエアロレディ セレーノ カット スリーストライプスショーツ IZA52 トレーニング ジム カジュアル ライフスタイルメンズ","https://m.media-amazon.com/images/I/81wE6ALq0hL._AC_UL320_.jpg"
2,19,74,"B0DHFWPCH3",true,1239,"JPY",2885,1646,57.05,0,0,"https://www.amazon.jp/dp/B0DHFWPCH3",0,false,false,false,false,"Adidas ECQ96 Essentials Single Jersey Big Logo Short Sleeve T-Shirt","https://m.media-amazon.com/images/I/61cQwR80LeL._AC_UL320_.jpg"
2,22,77,"B0CJV57N65",true,2741,"JPY",5049,2308,45.71,0,0,"https://www.amazon.jp/dp/B0CJV57N65",0,false,false,false,false,"アディダス ダッフルバッグ イーピーエス ダッフルバッグ 50 ユニセックス大人 IKK26","https://m.media-amazon.com/images/I/81Yyha-vfaL._AC_UL320_.jpg"
2,23,78,"B09HZDVRDN",true,2739,"JPY",4688,1949,41.57,0,0,"https://www.amazon.jp/dp/B09HZDVRDN",0,false,false,false,false,"[アディダス] ランニングシューズ デュラモ SL 2.0","https://m.media-amazon.com/images/I/51ERefHsmpL._AC_UL320_.jpg"
2,24,79,"B0CKXSV44G",true,2596,"JPY",4327,1731,40,0,0,"https://www.amazon.jp/dp/B0CKXSV44G",0,false,false,false,false,"adidas(アディダス) ランニングシューズ コアランナー 5 ランニング NKE45 ユニセックス大人","https://m.media-amazon.com/images/I/61ZChSnAhsL._AC_UL320_.jpg"
2,25,80,"B0DVGQPYXN",true,3352,"JPY",3967,615,15.5,0,0,"https://www.amazon.jp/dp/B0DVGQPYXN",0,false,false,false,false,"adidas(アディダス) スウェット パンツESS+ SL スウェットパンツ JUP91メンズ","https://m.media-amazon.com/images/I/71yoRBCeWML._AC_UL320_.jpg"
2,28,83,"B0CJV47PGB",true,2741,"JPY",5049,2308,45.71,0,0,"https://www.amazon.jp/dp/B0CJV47PGB",0,false,false,false,false,"アディダス リュック・バックパック イーピーエス バックパック30 ユニセックス大人 IKK27","https://m.media-amazon.com/images/I/81JLrMVNFOL._AC_UL320_.jpg"
2,29,84,"B09HZGXXJJ",true,1589,"JPY",2164,575,26.57,0,0,"https://www.amazon.jp/dp/B09HZGXXJJ",0,false,false,false,false,"adidas(アディダス) ユニセックス大人 アディレッタ ユニセックス大人スポーツサンダル","https://m.media-amazon.com/images/I/41+m-t9gLPL._AC_UL320_.jpg"
2,30,85,"B0CYP5M45K",true,2146,"JPY",3606,1460,40.49,0,0,"https://www.amazon.jp/dp/B0CYP5M45K",0,false,false,false,false,"Adidas KVF02 Men's Long-Sleeve T-Shirt, Techfit Compression Training Long Sleeve T-Shirt","https://m.media-amazon.com/images/I/71d-C-EAv2L._AC_UL320_.jpg"
2,31,86,"B0C3JJ8Z9D",true,2583,"JPY",4688,2105,44.9,0,0,"https://www.amazon.jp/dp/B0C3JJ8Z9D",0,false,false,false,false,"adidas(アディダス) メンズ コートブロック NKG81スニーカー","https://m.media-amazon.com/images/I/41sfh2YQbZL._AC_UL320_.jpg"
2,32,87,"B0BNN6GNJB",true,9124,"JPY",16588,7464,45,0,0,"https://www.amazon.jp/dp/B0BNN6GNJB",0,false,false,false,false,"Adidas LTK83 Ultra Boost 1.0 Men's Sneakers","https://m.media-amazon.com/images/I/41DO-+a4oiL._AC_UL320_.jpg"
2,33,88,"B07K2LN4BB",true,1168,"JPY",1947,779,40.01,0,0,"https://www.amazon.jp/dp/B07K2LN4BB",0,false,false,false,false,"Adidas DBF11 Sports Sandals, Unisex, Adult","https://m.media-amazon.com/images/I/412PKtsCQOL._AC_UL320_.jpg"
2,35,90,"B0CYVH9X9W",true,6058,"JPY",10097,4039,40,0,0,"https://www.amazon.jp/dp/B0CYVH9X9W",0,false,false,false,false,"[アディダス] メンズ テレックス トレースロッカー 2 GORE-TEX NKA14トレイルランニングシューズ","https://m.media-amazon.com/images/I/61UgOXOubqL._AC_UL320_.jpg"
2,36,91,"B07JMJMBTD",true,2160,"JPY",3928,1768,45.01,0,0,"https://www.amazon.jp/dp/B07JMJMBTD",0,false,false,false,false,"adidas(アディダス) メンズ ファルコンラン DBG95スニーカー","https://m.media-amazon.com/images/I/71Kqi4gEXnL._AC_UL320_.jpg"
2,38,93,"B0DHZV63PM",true,2813,"JPY",4688,1875,40,0,0,"https://www.amazon.jp/dp/B0DHZV63PM",0,false,false,false,false,"adidas(アディダス) メンズ ラン 60s 4.0 OMT69スニーカー","https://m.media-amazon.com/images/I/61DKbrj9HWL._AC_UL320_.jpg"
2,43,98,"B0CKS1L5KY",true,2380,"JPY",3967,1587,40.01,0,0,"https://www.amazon.jp/dp/B0CKS1L5KY",0,false,false,false,false,"adidas(アディダス) メンズ ライトレーサー 4.0 NLD67スニーカー","https://m.media-amazon.com/images/I/61toPgiSJWL._AC_UL320_.jpg"
2,45,100,"B0C3JHZJ99",true,2813,"JPY",4688,1875,40,0,0,"https://www.amazon.jp/dp/B0C3JHZJ99",0,false,false,false,false,"adidas(アディダス) メンズ X_PLR パス MCR40スニーカー","https://m.media-amazon.com/images/I/61VPxTWagbL._AC_UL320_.jpg"
2,46,101,"B0C3WG8C8F",true,2467,"JPY",4111,1644,39.99,0,0,"https://www.amazon.jp/dp/B0C3WG8C8F",0,false,false,false,false,"adidas(アディダス) ユニセックス大人 スイッチ ムーブ ランニング MDT54ランニングシューズ","https://m.media-amazon.com/images/I/714nq5EDGRL._AC_UL320_.jpg"
2,47,102,"B08BDRPTTJ",true,3887,"JPY",5553,1666,30,0,0,"https://www.amazon.jp/dp/B08BDRPTTJ",0,false,false,false,false,"adidas(アディダス) メンズ グランドコート SE KYZ17スニーカー","https://m.media-amazon.com/images/I/71c0MJd4SQL._AC_UL320_.jpg"
2,48,103,"B0CJTZ4W8H",true,3055,"JPY",5553,2498,44.98,0,0,"https://www.amazon.jp/dp/B0CJTZ4W8H",0,false,false,false,false,"adidas(アディダス) ユニセックス大人 グランドコート2.0 NIO05スニーカー","https://m.media-amazon.com/images/I/51StnM0zXgL._AC_UL320_.jpg"
3,9,105,"B0B692FQ8L",true,2622,"JPY",4688,2066,44.07,0,0,"https://www.amazon.jp/dp/B0B692FQ8L",0,false,false,false,false,"[アディダス] スニーカー アドバンコート LIT48 EOT69","https://m.media-amazon.com/images/I/41ztBy5mqNL._AC_UL320_.jpg"
3,15,111,"B0DHCVYJ3T",true,2672,"JPY",4327,1655,38.25,0,0,"https://www.amazon.jp/dp/B0DHCVYJ3T",0,false,false,false,false,"Adidas Essentials 3-Stripes Sweatpants, Men's","https://m.media-amazon.com/images/I/71bPxd5tFpL._AC_UL320_.jpg"
3,17,113,"B0F1XK517R",true,1486,"JPY",2885,1399,48.49,0,0,"https://www.amazon.jp/dp/B0F1XK517R",0,false,false,false,false,"adidas(アディダス) 半袖 TシャツESS+ 3ストライプス Tシャツ JUP90メンズ","https://m.media-amazon.com/images/I/61hjUrZSL9L._AC_UL320_.jpg"
3,19,115,"B08K84GXB1",true,2360,"JPY",2885,525,18.2,0,0,"https://www.amazon.jp/dp/B08K84GXB1",0,false,false,false,false,"adidas(アディダス) フィットネスマット/エクササイズマット/ヨガマット ソフトな肌触り合成ゴム素材","https://m.media-amazon.com/images/I/61GQVQbf6wL._AC_UL320_.jpg"
3,21,117,"B00EVNXN6K",true,1351,"JPY",2019,668,33.09,0,0,"https://www.amazon.jp/dp/B00EVNXN6K",0,false,false,false,false,"adidas(アディダス) アブホイール フォームローラー 腹筋ローラー 腹筋トレーニング 筋膜リリース ADAC-11404-1","https://m.media-amazon.com/images/I/51Z-6Tl3vTL._AC_UL320_.jpg"
3,24,120,"B0DHCX7JX3",true,1936,"JPY",2524,588,23.3,0,0,"https://www.amazon.jp/dp/B0DHCX7JX3",0,false,false,false,false,"adidas(アディダス) ロングパンツ キッズエッセンシャルズ クライマクール パンツ キッズ KRG89ボーイズ","https://m.media-amazon.com/images/I/71jVs89Hh0L._AC_UL320_.jpg"
3,26,122,"B08MB81GKD",true,2017,"JPY",2373,356,15,0,0,"https://www.amazon.jp/dp/B08MB81GKD",0,false,false,false,false,"Adidas Men's Essentials French Terry 3-Stripes Shorts Half Pants","https://m.media-amazon.com/images/I/71N2UrXWcKL._AC_UL320_.jpg"
3,27,123,"B0CJV22D7Y",true,3173,"JPY",5770,2597,45.01,0,0,"https://www.amazon.jp/dp/B0CJV22D7Y",0,false,false,false,false,"[アディダス] リュック・バックパック EP/Syst. バックパック 40 L IKK19","https://m.media-amazon.com/images/I/81L9ioHUMlL._AC_UL320_.jpg"
3,28,124,"B0CL9BCG8F",true,1817,"JPY",2669,852,31.92,0,0,"https://www.amazon.jp/dp/B0CL9BCG8F",0,false,false,false,false,"adidas(アディダス) ランニング 半袖 Tシャツオウン ザ ラン 半袖Tシャツ IKM84レディース","https://m.media-amazon.com/images/I/71Fd1FMHbnL._AC_UL320_.jpg"
3,29,125,"B0DHG1LJPD",true,1953,"JPY",2380,427,17.94,0,0,"https://www.amazon.jp/dp/B0DHG1LJPD",0,false,false,false,false,"adidas(アディダス) 半袖 Tシャツテックフィット コンプレッション トレーニング 半袖Tシャツ KVF01メンズ","https://m.media-amazon.com/images/I/714+0LPceWL._AC_UL320_.jpg"
3,31,127,"B0DHFXYSYL",true,3065,"JPY",3606,541,15,0,0,"https://www.amazon.jp/dp/B0DHFXYSYL",0,false,false,false,false,"adidas(アディダス) タンクトップLes Mills グラフィック タンクトップ JRS33メンズ","https://m.media-amazon.com/images/I/71lKvRhwC7L._AC_UL320_.jpg"
3,32,128,"B0F2DZSC8P",true,1785,"JPY",2380,595,25,0,0,"https://www.amazon.jp/dp/B0F2DZSC8P",0,false,false,false,false,"adidas(アディダス) キャップADM COTTON TWILL DP-CAPユニセックス大人","https://m.media-amazon.com/images/I/611W89q9VWL._AC_UL320_.jpg"
3,33,129,"B0BGXN5PQ4",true,1115,"JPY",2164,1049,48.48,0,0,"https://www.amazon.jp/dp/B0BGXN5PQ4",0,false,false,false,false,"Adidas BXH37 Men's Training Short Sleeve T-Shirt Train Essentials Feelready Logo","https://m.media-amazon.com/images/I/715Rw1iBNFL._AC_UL320_.jpg"
3,37,133,"B09N2NDN9V",true,1439,"JPY",2617,1178,45.01,0,0,"https://www.amazon.jp/dp/B09N2NDN9V",0,false,false,false,false,"リュック・バックパック パワー バックパック","https://m.media-amazon.com/images/I/91fV9nyuv7L._AC_UL320_.jpg"
3,38,134,"B0F2DZVSVG",true,1353,"JPY",1803,450,24.96,0,0,"https://www.amazon.jp/dp/B0F2DZVSVG",0,false,false,false,false,"adidas(アディダス) キャップADM adLT-MESH 6P CAP_05ユニセックス大人","https://m.media-amazon.com/images/I/71eXN-JoA2L._AC_UL320_.jpg"
3,44,140,"B0CJZFMCNK",true,2384,"JPY",3967,1583,39.9,0,0,"https://www.amazon.jp/dp/B0CJZFMCNK",0,false,false,false,false,"Adidas IZA36/KNA80 Men's Jersey Top, Aero Lady, Sereno-Cut, 3-Stripes Slim Track Jacket","https://m.media-amazon.com/images/I/71wuFhzIahL._AC_UL320_.jpg"